{"title":"SQL 练习 04 - 查找所有已经分配部门的员工的 last_name 和 first_name","uid":"eb5014506122b57ab6c675aa81da2983","slug":"2021-04-09-SQL 练习 04 - 查找所有已经分配部门的员工的 last_name 和 first_name","date":"2021-04-09T11:26:22.000Z","updated":"2021-08-28T16:49:26.490Z","comments":true,"path":"api/articles/2021-04-09-SQL 练习 04 - 查找所有已经分配部门的员工的 last_name 和 first_name.json","keywords":null,"cover":null,"content":"<h2 id=\"题目\"><a href=\"#题目\" class=\"headerlink\" title=\"题目\"></a>题目</h2><blockquote><span class=\"custom-blockquote-svg\"><svg width=\"24\" height=\"24\" viewBox=\"0 0 24 24\" fill=\"\" xmlns=\"http://www.w3.org/2000/svg\" data-reactroot=\"\">\n<path fill=\"\" d=\"M22 12C22 6.5 17.5 2 12 2C6.5 2 2 6.5 2 12C2 17.5 6.5 22 12 22C13.8 22 15.5 21.5 17 20.6L22 22L20.7 17C21.5 15.5 22 13.8 22 12Z\" undefined=\"1\"></path>\n<path fill=\"\" d=\"M15.97 11.5H16.04C17.12 11.5 18 12.38 18 13.47V13.53C18 14.62 17.12 15.5 16.03 15.5H15.96C14.88 15.5 14 14.62 14 13.53V13.46C14 12.38 14.88 11.5 15.97 11.5Z\" undefined=\"1\"></path>\n<path fill=\"\" d=\"M7.97 11.5H8.04C9.12 11.5 10 12.38 10 13.47V13.53C10 14.62 9.12 15.5 8.03 15.5H7.97C6.88 15.5 6 14.62 6 13.53V13.46C6 12.38 6.88 11.5 7.97 11.5Z\" undefined=\"1\"></path>\n<path stroke-linejoin=\"round\" stroke-linecap=\"round\" stroke-miterlimit=\"10\" stroke-width=\"2\" stroke=\"\" d=\"M17 8.5C15.23 8.97 14.07 10.84 14.01 13.27C14 13.33 14 13.4 14 13.47V13.5\"></path>\n<path stroke-linejoin=\"round\" stroke-linecap=\"round\" stroke-miterlimit=\"10\" stroke-width=\"2\" stroke=\"\" d=\"M9 8.5C7.23 8.97 6.07 10.84 6.01 13.27C6 13.33 6 13.4 6 13.47V13.5\"></path>\n<path stroke-linejoin=\"round\" stroke-linecap=\"round\" stroke-miterlimit=\"10\" stroke-width=\"2\" stroke=\"\" d=\"M15.97 11.5H16.04C17.12 11.5 18 12.38 18 13.47V13.53C18 14.62 17.12 15.5 16.03 15.5H15.96C14.88 15.5 14 14.62 14 13.53V13.46C14 12.38 14.88 11.5 15.97 11.5Z\"></path>\n<path stroke-linejoin=\"round\" stroke-linecap=\"round\" stroke-miterlimit=\"10\" stroke-width=\"2\" stroke=\"\" d=\"M7.97 11.5H8.04C9.12 11.5 10 12.38 10 13.47V13.53C10 14.62 9.12 15.5 8.03 15.5H7.97C6.88 15.5 6 14.62 6 13.53V13.46C6 12.38 6.88 11.5 7.97 11.5Z\"></path>\n</svg>\n</span><p>题目链接：<a href=\"https://www.nowcoder.com/practice/6d35b1cd593545ab985a68cd86f28671\">查找所有已经分配部门的员工的last_name和first_name-牛客网</a></p></blockquote>\n<p>有一个员工表，employees 简况如下：</p>\n<pre class=\"line-numbers language-sql\" data-language=\"sql\"><code class=\"language-sql\">mysql&gt; select * from employees;\n+--------+------------+------------+-----------+--------+------------+\n| emp_no | birth_date | first_name | last_name | gender | hire_date  |\n+--------+------------+------------+-----------+--------+------------+\n|  10001 | 1953-09-02 | Georgi     | Facello   | M      | 1986-06-26 |\n|  10002 | 1964-06-02 | Bezalel    | Simmel    | F      | 1985-11-21 |\n|  10003 | 1959-12-03 | Parto      | Bamford   | M      | 1986-08-28 |\n|  10004 | 1954-05-01 | Chirstian  | Koblick   | M      | 1986-12-01 |\n+--------+------------+------------+-----------+--------+------------+\n4 rows in set (0.02 sec)</code></pre>\n\n<p>有一个部门表，dept_emp 简况如下：</p>\n<pre class=\"line-numbers language-sql\" data-language=\"sql\"><code class=\"language-sql\">mysql&gt; select * from dept_emp;\n+--------+---------+------------+------------+\n| emp_no | dept_no | from_date  | to_date    |\n+--------+---------+------------+------------+\n|  10001 | d001    | 1986-06-26 | 9999-01-01 |\n|  10002 | d002    | 1996-08-03 | 9999-01-01 |\n+--------+---------+------------+------------+\n2 rows in set (0.02 sec)</code></pre>\n\n<p>建表及插入数据语句如下：</p>\n<pre class=\"line-numbers language-sql\" data-language=\"sql\"><code class=\"language-sql\">-- ----------------------------\n-- Table structure for employees\n-- ----------------------------\nDROP TABLE IF EXISTS &#96;employees&#96;;\nCREATE TABLE &#96;employees&#96;\n(\n    &#96;emp_no&#96;     int(11)     NOT NULL,\n    &#96;birth_date&#96; date        NOT NULL,\n    &#96;first_name&#96; varchar(14) NOT NULL,\n    &#96;last_name&#96;  varchar(16) NOT NULL,\n    &#96;gender&#96;     char(1)     NOT NULL,\n    &#96;hire_date&#96;  date        NOT NULL,\n    PRIMARY KEY (&#96;emp_no&#96;)\n);\n\n-- ----------------------------\n-- Records of employees\n-- ----------------------------\nINSERT INTO &#96;employees&#96;\nVALUES (10001, &#39;1953-09-02&#39;, &#39;Georgi&#39;, &#39;Facello&#39;, &#39;M&#39;, &#39;1986-06-26&#39;);\nINSERT INTO &#96;employees&#96;\nVALUES (10002, &#39;1964-06-02&#39;, &#39;Bezalel&#39;, &#39;Simmel&#39;, &#39;F&#39;, &#39;1985-11-21&#39;);\nINSERT INTO &#96;employees&#96;\nVALUES (10003, &#39;1959-12-03&#39;, &#39;Parto&#39;, &#39;Bamford&#39;, &#39;M&#39;, &#39;1986-08-28&#39;);\nINSERT INTO &#96;employees&#96;\nVALUES (10004, &#39;1954-05-01&#39;, &#39;Chirstian&#39;, &#39;Koblick&#39;, &#39;M&#39;, &#39;1986-12-01&#39;);\n\n-- ----------------------------\n-- Table structure for dept_emp\n-- ----------------------------\nDROP TABLE IF EXISTS &#96;dept_emp&#96;;\nCREATE TABLE &#96;dept_emp&#96;\n(\n    &#96;emp_no&#96;    int(11) NOT NULL,\n    &#96;dept_no&#96;   char(4) NOT NULL,\n    &#96;from_date&#96; date    NOT NULL,\n    &#96;to_date&#96;   date    NOT NULL,\n    PRIMARY KEY (&#96;emp_no&#96;, &#96;dept_no&#96;)\n);\n\n-- ----------------------------\n-- Records of dept_emp\n-- ----------------------------\nINSERT INTO &#96;dept_emp&#96;\nVALUES (10001, &#39;d001&#39;, &#39;1986-06-26&#39;, &#39;9999-01-01&#39;);\nINSERT INTO &#96;dept_emp&#96;\nVALUES (10002, &#39;d002&#39;, &#39;1996-08-03&#39;, &#39;9999-01-01&#39;);</code></pre>\n\n<p>请你查找所有已经分配部门的员工的 last_name 和 first_name 以及 dept_no，未分配的部门的员工不显示，以上例子如下：</p>\n<pre class=\"line-numbers language-sql\" data-language=\"sql\"><code class=\"language-sql\">+-----------+------------+---------+\n| last_name | first_name | dept_no |\n+-----------+------------+---------+\n| Facello   | Georgi     | d001    |\n| Simmel    | Bezalel    | d002    |\n+-----------+------------+---------+\n2 rows in set (0.02 sec)</code></pre>\n\n<h2 id=\"代码\"><a href=\"#代码\" class=\"headerlink\" title=\"代码\"></a>代码</h2><pre class=\"line-numbers language-sql\" data-language=\"sql\"><code class=\"language-sql\">select last_name, first_name, dept_no\nfrom employees,\n     dept_emp\nwhere employees.emp_no &#x3D; dept_emp.emp_no;</code></pre>\n\n<p>执行结果：</p>\n<pre class=\"line-numbers language-sql\" data-language=\"sql\"><code class=\"language-sql\">mysql&gt; select last_name, first_name, dept_no\n    -&gt; from employees,\n    -&gt;      dept_emp\n    -&gt; where employees.emp_no &#x3D; dept_emp.emp_no;\n+-----------+------------+---------+\n| last_name | first_name | dept_no |\n+-----------+------------+---------+\n| Facello   | Georgi     | d001    |\n| Simmel    | Bezalel    | d002    |\n+-----------+------------+---------+\n2 rows in set (0.02 sec)</code></pre>\n","text":"题目 题目链接：查找所有已经分配部门的员工的last_name和first_name-牛客网 有一个员工表，employees 简况如下： mysql&gt; select * from employees; +--------+------------+------------...","link":"","photos":[],"count_time":{"symbolsCount":"3.8k","symbolsTime":"3 mins."},"categories":[{"name":"SQL","slug":"SQL","count":16,"path":"api/categories/SQL.json"}],"tags":[{"name":"SQL","slug":"SQL","count":16,"path":"api/tags/SQL.json"}],"toc":"<ol class=\"toc\"><li class=\"toc-item toc-level-2\"><a class=\"toc-link\" href=\"#%E9%A2%98%E7%9B%AE\"><span class=\"toc-text\">题目</span></a></li><li class=\"toc-item toc-level-2\"><a class=\"toc-link\" href=\"#%E4%BB%A3%E7%A0%81\"><span class=\"toc-text\">代码</span></a></li></ol>","author":{"name":"JaimeZeng","slug":"blog-author","avatar":"/icon/avatar.png","link":"/","description":"Stay Simple.","socials":{"github":"","twitter":"","stackoverflow":"","wechat":"","qq":"","weibo":"","zhihu":"","csdn":"","juejin":"","customs":{}}},"mapped":true,"prev_post":{"title":"SQL 练习 05 - 查找所有员工的 last_name 和 first_name 以及对应部门编号 dept_no","uid":"83acaf1df61848614cb9fed2fd95464c","slug":"2021-04-09-SQL 练习 05 - 查找所有员工的 last_name 和 first_name 以及对应部门编号 dept_no","date":"2021-04-09T11:27:30.000Z","updated":"2021-08-28T16:49:26.490Z","comments":true,"path":"api/articles/2021-04-09-SQL 练习 05 - 查找所有员工的 last_name 和 first_name 以及对应部门编号 dept_no.json","keywords":null,"cover":null,"text":"题目 题目链接：查找所有员工的last_name和first_name以及对应部门编号dept_no-牛客网 有一个员工表，employees 简况如下： mysql&gt; select * from employees; +--------+------------+----...","link":"","photos":[],"count_time":{"symbolsCount":"4.2k","symbolsTime":"4 mins."},"categories":[{"name":"SQL","slug":"SQL","count":16,"path":"api/categories/SQL.json"}],"tags":[{"name":"SQL","slug":"SQL","count":16,"path":"api/tags/SQL.json"}],"author":{"name":"JaimeZeng","slug":"blog-author","avatar":"/icon/avatar.png","link":"/","description":"Stay Simple.","socials":{"github":"","twitter":"","stackoverflow":"","wechat":"","qq":"","weibo":"","zhihu":"","csdn":"","juejin":"","customs":{}}}},"next_post":{"title":"SQL 练习 03 - 查找各个部门当前领导当前薪水详情以及其对应部门编号 dept_no","uid":"1234b829e2afd6ef04e79f63a2f8696c","slug":"2021-04-09-SQL 练习 03 - 查找各个部门当前领导当前薪水详情以及其对应部门编号 dept_no","date":"2021-04-09T11:25:56.000Z","updated":"2021-08-28T16:49:26.490Z","comments":true,"path":"api/articles/2021-04-09-SQL 练习 03 - 查找各个部门当前领导当前薪水详情以及其对应部门编号 dept_no.json","keywords":null,"cover":null,"text":"题目 题目链接： 查找各个部门当前领导当前薪水详情以及其对应部门编号dept_no-牛客网 有一个全部员工的薪水表 salaries 简况如下： mysql&gt; select * from salaries; +--------+--------+------------+-...","link":"","photos":[],"count_time":{"symbolsCount":"3.4k","symbolsTime":"3 mins."},"categories":[{"name":"SQL","slug":"SQL","count":16,"path":"api/categories/SQL.json"}],"tags":[{"name":"SQL","slug":"SQL","count":16,"path":"api/tags/SQL.json"}],"author":{"name":"JaimeZeng","slug":"blog-author","avatar":"/icon/avatar.png","link":"/","description":"Stay Simple.","socials":{"github":"","twitter":"","stackoverflow":"","wechat":"","qq":"","weibo":"","zhihu":"","csdn":"","juejin":"","customs":{}}}}}