{"title":"SQL 练习 15 - 查找 employees 表所有 emp_no 为奇数","uid":"8dbbf7765577357c58fb44db48779866","slug":"2021-04-10-SQL 练习 15 - 查找 employees 表所有 emp_no 为奇数","date":"2021-04-10T06:05:02.000Z","updated":"2021-09-02T22:41:49.935Z","comments":true,"path":"api/articles/2021-04-10-SQL 练习 15 - 查找 employees 表所有 emp_no 为奇数.json","keywords":null,"cover":null,"content":"<h2 id=\"题目\"><a href=\"#题目\" class=\"headerlink\" title=\"题目\"></a>题目</h2><blockquote><span class=\"custom-blockquote-svg\"><svg width=\"24\" height=\"24\" viewBox=\"0 0 24 24\" fill=\"\" xmlns=\"http://www.w3.org/2000/svg\" data-reactroot=\"\">\n<path fill=\"\" d=\"M22 12C22 6.5 17.5 2 12 2C6.5 2 2 6.5 2 12C2 17.5 6.5 22 12 22C13.8 22 15.5 21.5 17 20.6L22 22L20.7 17C21.5 15.5 22 13.8 22 12Z\" undefined=\"1\"></path>\n<path fill=\"\" d=\"M15.97 11.5H16.04C17.12 11.5 18 12.38 18 13.47V13.53C18 14.62 17.12 15.5 16.03 15.5H15.96C14.88 15.5 14 14.62 14 13.53V13.46C14 12.38 14.88 11.5 15.97 11.5Z\" undefined=\"1\"></path>\n<path fill=\"\" d=\"M7.97 11.5H8.04C9.12 11.5 10 12.38 10 13.47V13.53C10 14.62 9.12 15.5 8.03 15.5H7.97C6.88 15.5 6 14.62 6 13.53V13.46C6 12.38 6.88 11.5 7.97 11.5Z\" undefined=\"1\"></path>\n<path stroke-linejoin=\"round\" stroke-linecap=\"round\" stroke-miterlimit=\"10\" stroke-width=\"2\" stroke=\"\" d=\"M17 8.5C15.23 8.97 14.07 10.84 14.01 13.27C14 13.33 14 13.4 14 13.47V13.5\"></path>\n<path stroke-linejoin=\"round\" stroke-linecap=\"round\" stroke-miterlimit=\"10\" stroke-width=\"2\" stroke=\"\" d=\"M9 8.5C7.23 8.97 6.07 10.84 6.01 13.27C6 13.33 6 13.4 6 13.47V13.5\"></path>\n<path stroke-linejoin=\"round\" stroke-linecap=\"round\" stroke-miterlimit=\"10\" stroke-width=\"2\" stroke=\"\" d=\"M15.97 11.5H16.04C17.12 11.5 18 12.38 18 13.47V13.53C18 14.62 17.12 15.5 16.03 15.5H15.96C14.88 15.5 14 14.62 14 13.53V13.46C14 12.38 14.88 11.5 15.97 11.5Z\"></path>\n<path stroke-linejoin=\"round\" stroke-linecap=\"round\" stroke-miterlimit=\"10\" stroke-width=\"2\" stroke=\"\" d=\"M7.97 11.5H8.04C9.12 11.5 10 12.38 10 13.47V13.53C10 14.62 9.12 15.5 8.03 15.5H7.97C6.88 15.5 6 14.62 6 13.53V13.46C6 12.38 6.88 11.5 7.97 11.5Z\"></path>\n</svg>\n</span><p>题目链接：<a href=\"https://www.nowcoder.com/practice/a32669eb1d1740e785f105fa22741d5c\">查找employees表所有emp_no为奇数</a></p></blockquote>\n<p>有一个员工表 employees 简况如下：</p>\n<pre class=\"line-numbers language-sql\" data-language=\"sql\"><code class=\"language-sql\">mysql&gt; select * from employees;\n+--------+------------+------------+-----------+--------+------------+\n| emp_no | birth_date | first_name | last_name | gender | hire_date  |\n+--------+------------+------------+-----------+--------+------------+\n|  10001 | 1953-09-02 | Georgi     | Facello   | M      | 1986-06-26 |\n|  10002 | 1964-06-02 | Bezalel    | Simmel    | F      | 1985-11-21 |\n|  10003 | 1959-12-03 | Parto      | Mary      | M      | 1986-08-28 |\n|  10004 | 1954-05-01 | Chirstian  | Koblick   | M      | 1986-12-01 |\n|  10005 | 0193-11-07 | Mary       | Sluis     | F      | 1990-01-22 |\n+--------+------------+------------+-----------+--------+------------+\n5 rows in set (0.03 sec)</code></pre>\n\n<p>建表及插入数据语句如下：</p>\n<pre class=\"line-numbers language-sql\" data-language=\"sql\"><code class=\"language-sql\">CREATE TABLE &#96;employees&#96;\n(\n    &#96;emp_no&#96;     int(11)     NOT NULL,\n    &#96;birth_date&#96; date        NOT NULL,\n    &#96;first_name&#96; varchar(14) NOT NULL,\n    &#96;last_name&#96;  varchar(16) NOT NULL,\n    &#96;gender&#96;     char(1)     NOT NULL,\n    &#96;hire_date&#96;  date        NOT NULL,\n    PRIMARY KEY (&#96;emp_no&#96;)\n);\n\nINSERT INTO &#96;employees&#96;\nVALUES (10001, &#39;1953-09-02&#39;, &#39;Georgi&#39;, &#39;Facello&#39;, &#39;M&#39;, &#39;1986-06-26&#39;);\nINSERT INTO &#96;employees&#96;\nVALUES (10002, &#39;1964-06-02&#39;, &#39;Bezalel&#39;, &#39;Simmel&#39;, &#39;F&#39;, &#39;1985-11-21&#39;);\nINSERT INTO &#96;employees&#96;\nVALUES (10003, &#39;1959-12-03&#39;, &#39;Parto&#39;, &#39;Mary&#39;, &#39;M&#39;, &#39;1986-08-28&#39;);\nINSERT INTO &#96;employees&#96;\nVALUES (10004, &#39;1954-05-01&#39;, &#39;Chirstian&#39;, &#39;Koblick&#39;, &#39;M&#39;, &#39;1986-12-01&#39;);\nINSERT INTO &#96;employees&#96;\nVALUES (10005, &#39;193-11-07&#39;, &#39;Mary&#39;, &#39;Sluis&#39;, &#39;F&#39;, &#39;1990-01-22&#39;);</code></pre>\n\n<p>请你查找 employees 表所有 emp_no 为奇数，且 last_name 不为 Mary 的员工信息，并按照 hire_date 逆序排列，以上例子查询结果如下：</p>\n<pre class=\"line-numbers language-s+--------+------------+------------+-----------+--------+------------+\" data-language=\"s+--------+------------+------------+-----------+--------+------------+\"><code class=\"language-s+--------+------------+------------+-----------+--------+------------+\">| emp_no | birth_date | first_name | last_name | gender | hire_date  |\n+--------+------------+------------+-----------+--------+------------+\n|  10005 | 0193-11-07 | Mary       | Sluis     | F      | 1990-01-22 |\n|  10001 | 1953-09-02 | Georgi     | Facello   | M      | 1986-06-26 |\n+--------+------------+------------+-----------+--------+------------+\n3 rows in set (0.02 sec)ql\n</code></pre>\n\n<h2 id=\"代码\"><a href=\"#代码\" class=\"headerlink\" title=\"代码\"></a>代码</h2><pre class=\"line-numbers language-sql\" data-language=\"sql\"><code class=\"language-sql\">select *\nfrom employees\nwhere emp_no &amp; 1\n  and last_name &lt;&gt; &#39;Mary&#39;\norder by hire_date desc;</code></pre>\n\n<p>执行结果：</p>\n<pre class=\"line-numbers language-sql\" data-language=\"sql\"><code class=\"language-sql\">mysql&gt; select *\n    -&gt; from employees\n    -&gt; where emp_no &amp; 1\n    -&gt;   and last_name &lt;&gt; &#39;Mary&#39;\n    -&gt; order by hire_date desc;\n+--------+------------+------------+-----------+--------+------------+\n| emp_no | birth_date | first_name | last_name | gender | hire_date  |\n+--------+------------+------------+-----------+--------+------------+\n|  10005 | 0193-11-07 | Mary       | Sluis     | F      | 1990-01-22 |\n|  10001 | 1953-09-02 | Georgi     | Facello   | M      | 1986-06-26 |\n+--------+------------+------------+-----------+--------+------------+\n3 rows in set (0.02 sec)</code></pre>\n","text":"题目 题目链接：查找employees表所有emp_no为奇数 有一个员工表 employees 简况如下： mysql&gt; select * from employees; +--------+------------+------------+-----------+--...","link":"","photos":[],"count_time":{"symbolsCount":"3k","symbolsTime":"3 mins."},"categories":[{"name":"SQL","slug":"SQL","count":16,"path":"api/categories/SQL.json"}],"tags":[{"name":"SQL","slug":"SQL","count":16,"path":"api/tags/SQL.json"}],"toc":"<ol class=\"toc\"><li class=\"toc-item toc-level-2\"><a class=\"toc-link\" href=\"#%E9%A2%98%E7%9B%AE\"><span class=\"toc-text\">题目</span></a></li><li class=\"toc-item toc-level-2\"><a class=\"toc-link\" href=\"#%E4%BB%A3%E7%A0%81\"><span class=\"toc-text\">代码</span></a></li></ol>","author":{"name":"JaimeZeng","slug":"blog-author","avatar":"https://cdn.staticaly.com/gh/JaimeZeng/cdn/main/blog/avatar.png","link":"/","description":"Stay Simple.","socials":{"github":"","twitter":"","stackoverflow":"","wechat":"","qq":"","weibo":"","zhihu":"","csdn":"","juejin":"","customs":{"github":"https://github.com/JaimeZeng"}}},"mapped":true,"prev_post":{"title":"SQL 练习 16 - 统计出当前各个 title 类型对应的员工当前薪水对应的平均工资","uid":"7f1d5492523f1f14e205a73e1b63e766","slug":"2021-04-10-SQL 练习 16 - 统计出当前各个 title 类型对应的员工当前薪水对应的平均工资","date":"2021-04-10T06:10:20.000Z","updated":"2021-09-02T22:41:49.935Z","comments":true,"path":"api/articles/2021-04-10-SQL 练习 16 - 统计出当前各个 title 类型对应的员工当前薪水对应的平均工资.json","keywords":null,"cover":null,"text":"题目 题目链接：统计出当前各个title类型对应的员工当前薪水对应的平均工资 有一个员工职称表 titles 简况如下： mysql&gt; select * from titles; +--------+-----------------+------------+------...","link":"","photos":[],"count_time":{"symbolsCount":"3.9k","symbolsTime":"4 mins."},"categories":[{"name":"SQL","slug":"SQL","count":16,"path":"api/categories/SQL.json"}],"tags":[{"name":"SQL","slug":"SQL","count":16,"path":"api/tags/SQL.json"}],"author":{"name":"JaimeZeng","slug":"blog-author","avatar":"https://cdn.staticaly.com/gh/JaimeZeng/cdn/main/blog/avatar.png","link":"/","description":"Stay Simple.","socials":{"github":"","twitter":"","stackoverflow":"","wechat":"","qq":"","weibo":"","zhihu":"","csdn":"","juejin":"","customs":{"github":"https://github.com/JaimeZeng"}}},"feature":true},"next_post":{"title":"SQL 练习 12 - 获取所有部门中当前员工薪水最高的相关信息","uid":"f8017dd1008f3562251696136ad1fbad","slug":"2021-04-09-SQL 练习 12 - 获取所有部门中当前员工薪水最高的相关信息","date":"2021-04-09T11:58:08.000Z","updated":"2021-09-02T22:41:49.935Z","comments":true,"path":"api/articles/2021-04-09-SQL 练习 12 - 获取所有部门中当前员工薪水最高的相关信息.json","keywords":null,"cover":null,"text":"题目 题目链接： 获取所有部门中当前员工薪水最高的相关信息 有一个员工表 dept_emp 简况如下： mysql&gt; select * from dept_emp; +--------+---------+------------+------------+ | emp_n...","link":"","photos":[],"count_time":{"symbolsCount":"11k","symbolsTime":"10 mins."},"categories":[{"name":"SQL","slug":"SQL","count":16,"path":"api/categories/SQL.json"}],"tags":[{"name":"SQL","slug":"SQL","count":16,"path":"api/tags/SQL.json"}],"author":{"name":"JaimeZeng","slug":"blog-author","avatar":"https://cdn.staticaly.com/gh/JaimeZeng/cdn/main/blog/avatar.png","link":"/","description":"Stay Simple.","socials":{"github":"","twitter":"","stackoverflow":"","wechat":"","qq":"","weibo":"","zhihu":"","csdn":"","juejin":"","customs":{"github":"https://github.com/JaimeZeng"}}}}}