{"title":"SQL 练习 07 - 查找薪水涨幅超过 15 次的员工号 emp_no 以及其对应的涨幅次数 t","uid":"fad862217846453f877bc21dd3654c0c","slug":"2021-04-09-SQL 练习 07 - 查找薪水涨幅超过 15 次的员工号 emp_no 以及其对应的涨幅次数 t","date":"2021-04-09T11:29:20.000Z","updated":"2021-09-01T16:19:13.151Z","comments":true,"path":"api/articles/2021-04-09-SQL 练习 07 - 查找薪水涨幅超过 15 次的员工号 emp_no 以及其对应的涨幅次数 t.json","keywords":null,"cover":null,"content":"<h2 id=\"题目\"><a href=\"#题目\" class=\"headerlink\" title=\"题目\"></a>题目</h2><blockquote><span class=\"custom-blockquote-svg\"><svg width=\"24\" height=\"24\" viewBox=\"0 0 24 24\" fill=\"\" xmlns=\"http://www.w3.org/2000/svg\" data-reactroot=\"\">\n<path fill=\"\" d=\"M22 12C22 6.5 17.5 2 12 2C6.5 2 2 6.5 2 12C2 17.5 6.5 22 12 22C13.8 22 15.5 21.5 17 20.6L22 22L20.7 17C21.5 15.5 22 13.8 22 12Z\" undefined=\"1\"></path>\n<path fill=\"\" d=\"M15.97 11.5H16.04C17.12 11.5 18 12.38 18 13.47V13.53C18 14.62 17.12 15.5 16.03 15.5H15.96C14.88 15.5 14 14.62 14 13.53V13.46C14 12.38 14.88 11.5 15.97 11.5Z\" undefined=\"1\"></path>\n<path fill=\"\" d=\"M7.97 11.5H8.04C9.12 11.5 10 12.38 10 13.47V13.53C10 14.62 9.12 15.5 8.03 15.5H7.97C6.88 15.5 6 14.62 6 13.53V13.46C6 12.38 6.88 11.5 7.97 11.5Z\" undefined=\"1\"></path>\n<path stroke-linejoin=\"round\" stroke-linecap=\"round\" stroke-miterlimit=\"10\" stroke-width=\"2\" stroke=\"\" d=\"M17 8.5C15.23 8.97 14.07 10.84 14.01 13.27C14 13.33 14 13.4 14 13.47V13.5\"></path>\n<path stroke-linejoin=\"round\" stroke-linecap=\"round\" stroke-miterlimit=\"10\" stroke-width=\"2\" stroke=\"\" d=\"M9 8.5C7.23 8.97 6.07 10.84 6.01 13.27C6 13.33 6 13.4 6 13.47V13.5\"></path>\n<path stroke-linejoin=\"round\" stroke-linecap=\"round\" stroke-miterlimit=\"10\" stroke-width=\"2\" stroke=\"\" d=\"M15.97 11.5H16.04C17.12 11.5 18 12.38 18 13.47V13.53C18 14.62 17.12 15.5 16.03 15.5H15.96C14.88 15.5 14 14.62 14 13.53V13.46C14 12.38 14.88 11.5 15.97 11.5Z\"></path>\n<path stroke-linejoin=\"round\" stroke-linecap=\"round\" stroke-miterlimit=\"10\" stroke-width=\"2\" stroke=\"\" d=\"M7.97 11.5H8.04C9.12 11.5 10 12.38 10 13.47V13.53C10 14.62 9.12 15.5 8.03 15.5H7.97C6.88 15.5 6 14.62 6 13.53V13.46C6 12.38 6.88 11.5 7.97 11.5Z\"></path>\n</svg>\n</span><p>题目链接：<a href=\"https://www.nowcoder.com/practice/6d4a4cff1d58495182f536c548fee1ae\">查找薪水涨幅超过15次的员工号emp_no以及其对应的涨幅次数t-牛客网</a></p></blockquote>\n<p>有一个薪水表，salaries 简况如下：</p>\n<pre class=\"line-numbers language-sql\" data-language=\"sql\"><code class=\"language-sql\">mysql&gt; select * from salaries;\n+--------+--------+------------+------------+\n| emp_no | salary | from_date  | to_date    |\n+--------+--------+------------+------------+\n|  10001 |  60117 | 1986-06-26 | 1987-06-26 |\n|  10001 |  62102 | 1987-06-26 | 1988-06-25 |\n|  10001 |  66074 | 1988-06-25 | 1989-06-25 |\n|  10001 |  66596 | 1989-06-25 | 1990-06-25 |\n|  10001 |  66961 | 1990-06-25 | 1991-06-25 |\n|  10001 |  71046 | 1991-06-25 | 1992-06-24 |\n|  10001 |  74333 | 1992-06-24 | 1993-06-24 |\n|  10001 |  75286 | 1993-06-24 | 1994-06-24 |\n|  10001 |  75994 | 1994-06-24 | 1995-06-24 |\n|  10001 |  76884 | 1995-06-24 | 1996-06-23 |\n|  10001 |  80013 | 1996-06-23 | 1997-06-23 |\n|  10001 |  81025 | 1997-06-23 | 1998-06-23 |\n|  10001 |  81097 | 1998-06-23 | 1999-06-23 |\n|  10001 |  84917 | 1999-06-23 | 2000-06-22 |\n|  10001 |  85112 | 2000-06-22 | 2001-06-22 |\n|  10001 |  85097 | 2001-06-22 | 2002-06-22 |\n|  10002 |  72527 | 1996-08-03 | 1997-08-03 |\n+--------+--------+------------+------------+\n17 rows in set (0.03 sec)</code></pre>\n\n<p>建表及插入数据语句如下：</p>\n<pre class=\"line-numbers language-sql\" data-language=\"sql\"><code class=\"language-sql\">CREATE TABLE &#96;salaries&#96;\n(\n    &#96;emp_no&#96;    int(11) NOT NULL,\n    &#96;salary&#96;    int(11) NOT NULL,\n    &#96;from_date&#96; date    NOT NULL,\n    &#96;to_date&#96;   date    NOT NULL,\n    PRIMARY KEY (&#96;emp_no&#96;, &#96;from_date&#96;)\n);\n\nINSERT INTO &#96;salaries&#96;\nVALUES (10001, 60117, &#39;1986-06-26&#39;, &#39;1987-06-26&#39;);\nINSERT INTO &#96;salaries&#96;\nVALUES (10001, 62102, &#39;1987-06-26&#39;, &#39;1988-06-25&#39;);\nINSERT INTO &#96;salaries&#96;\nVALUES (10001, 66074, &#39;1988-06-25&#39;, &#39;1989-06-25&#39;);\nINSERT INTO &#96;salaries&#96;\nVALUES (10001, 66596, &#39;1989-06-25&#39;, &#39;1990-06-25&#39;);\nINSERT INTO &#96;salaries&#96;\nVALUES (10001, 66961, &#39;1990-06-25&#39;, &#39;1991-06-25&#39;);\nINSERT INTO &#96;salaries&#96;\nVALUES (10001, 71046, &#39;1991-06-25&#39;, &#39;1992-06-24&#39;);\nINSERT INTO &#96;salaries&#96;\nVALUES (10001, 74333, &#39;1992-06-24&#39;, &#39;1993-06-24&#39;);\nINSERT INTO &#96;salaries&#96;\nVALUES (10001, 75286, &#39;1993-06-24&#39;, &#39;1994-06-24&#39;);\nINSERT INTO &#96;salaries&#96;\nVALUES (10001, 75994, &#39;1994-06-24&#39;, &#39;1995-06-24&#39;);\nINSERT INTO &#96;salaries&#96;\nVALUES (10001, 76884, &#39;1995-06-24&#39;, &#39;1996-06-23&#39;);\nINSERT INTO &#96;salaries&#96;\nVALUES (10001, 80013, &#39;1996-06-23&#39;, &#39;1997-06-23&#39;);\nINSERT INTO &#96;salaries&#96;\nVALUES (10001, 81025, &#39;1997-06-23&#39;, &#39;1998-06-23&#39;);\nINSERT INTO &#96;salaries&#96;\nVALUES (10001, 81097, &#39;1998-06-23&#39;, &#39;1999-06-23&#39;);\nINSERT INTO &#96;salaries&#96;\nVALUES (10001, 84917, &#39;1999-06-23&#39;, &#39;2000-06-22&#39;);\nINSERT INTO &#96;salaries&#96;\nVALUES (10001, 85112, &#39;2000-06-22&#39;, &#39;2001-06-22&#39;);\nINSERT INTO &#96;salaries&#96;\nVALUES (10001, 85097, &#39;2001-06-22&#39;, &#39;2002-06-22&#39;);\nINSERT INTO &#96;salaries&#96;\nVALUES (10002, 72527, &#39;1996-08-03&#39;, &#39;1997-08-03&#39;);</code></pre>\n\n<p>请你查找薪水记录超过 15 次的员工号 emp_no 以及其对应的记录次数 t，以上例子输出如下：</p>\n<pre class=\"line-numbers language-sql\" data-language=\"sql\"><code class=\"language-sql\">+--------+----+\n| emp_no | t  |\n+--------+----+\n|  10001 | 16 |\n+--------+----+\n1 row in set (0.01 sec)</code></pre>\n\n<h2 id=\"代码\"><a href=\"#代码\" class=\"headerlink\" title=\"代码\"></a>代码</h2><pre class=\"line-numbers language-sql\" data-language=\"sql\"><code class=\"language-sql\">select emp_no, count(emp_no) as t\nfrom salaries\ngroup by emp_no\nhaving t &gt; 15;</code></pre>\n\n<p>执行结果：</p>\n<pre class=\"line-numbers language-sql\" data-language=\"sql\"><code class=\"language-sql\">mysql&gt; select emp_no, count(emp_no) as t\n    -&gt; from salaries\n    -&gt; group by emp_no\n    -&gt; having t &gt; 15;\n+--------+----+\n| emp_no | t  |\n+--------+----+\n|  10001 | 16 |\n+--------+----+\n1 row in set (0.03 sec)</code></pre>\n","text":"题目 题目链接：查找薪水涨幅超过15次的员工号emp_no以及其对应的涨幅次数t-牛客网 有一个薪水表，salaries 简况如下： mysql&gt; select * from salaries; +--------+--------+------------+-------...","link":"","photos":[],"count_time":{"symbolsCount":"3.5k","symbolsTime":"3 mins."},"categories":[{"name":"SQL","slug":"SQL","count":16,"path":"api/categories/SQL.json"}],"tags":[{"name":"SQL","slug":"SQL","count":16,"path":"api/tags/SQL.json"}],"toc":"<ol class=\"toc\"><li class=\"toc-item toc-level-2\"><a class=\"toc-link\" href=\"#%E9%A2%98%E7%9B%AE\"><span class=\"toc-text\">题目</span></a></li><li class=\"toc-item toc-level-2\"><a class=\"toc-link\" href=\"#%E4%BB%A3%E7%A0%81\"><span class=\"toc-text\">代码</span></a></li></ol>","author":{"name":"JaimeZeng","slug":"blog-author","avatar":"https://cdn.staticaly.com/gh/JaimeZeng/cdn/main/blog/avatar.png","link":"/","description":"Stay Simple.","socials":{"github":"","twitter":"","stackoverflow":"","wechat":"","qq":"","weibo":"","zhihu":"","csdn":"","juejin":"","customs":{"github":"https://github.com/JaimeZeng"}}},"mapped":true,"prev_post":{"title":"SQL 练习 08 - 找出所有员工当前具体的薪水 salary 情况","uid":"cfcb2bb8cf695bb46581e53552840c49","slug":"2021-04-09-SQL 练习 08 - 找出所有员工当前具体的薪水 salary 情况","date":"2021-04-09T11:32:06.000Z","updated":"2021-09-01T16:19:13.151Z","comments":true,"path":"api/articles/2021-04-09-SQL 练习 08 - 找出所有员工当前具体的薪水 salary 情况.json","keywords":null,"cover":null,"text":"题目 题目链接：找出所有员工当前具体的薪水salary情况-牛客网 有一个薪水表，salaries 简况如下： mysql&gt; select * from salaries; +--------+--------+------------+------------+ | em...","link":"","photos":[],"count_time":{"symbolsCount":"1.9k","symbolsTime":"2 mins."},"categories":[{"name":"SQL","slug":"SQL","count":16,"path":"api/categories/SQL.json"}],"tags":[{"name":"SQL","slug":"SQL","count":16,"path":"api/tags/SQL.json"}],"author":{"name":"JaimeZeng","slug":"blog-author","avatar":"https://cdn.staticaly.com/gh/JaimeZeng/cdn/main/blog/avatar.png","link":"/","description":"Stay Simple.","socials":{"github":"","twitter":"","stackoverflow":"","wechat":"","qq":"","weibo":"","zhihu":"","csdn":"","juejin":"","customs":{"github":"https://github.com/JaimeZeng"}}}},"next_post":{"title":"SQL 练习 05 - 查找所有员工的 last_name 和 first_name 以及对应部门编号 dept_no","uid":"83acaf1df61848614cb9fed2fd95464c","slug":"2021-04-09-SQL 练习 05 - 查找所有员工的 last_name 和 first_name 以及对应部门编号 dept_no","date":"2021-04-09T11:27:30.000Z","updated":"2021-09-01T16:19:13.151Z","comments":true,"path":"api/articles/2021-04-09-SQL 练习 05 - 查找所有员工的 last_name 和 first_name 以及对应部门编号 dept_no.json","keywords":null,"cover":null,"text":"题目 题目链接：查找所有员工的last_name和first_name以及对应部门编号dept_no-牛客网 有一个员工表，employees 简况如下： mysql&gt; select * from employees; +--------+------------+----...","link":"","photos":[],"count_time":{"symbolsCount":"4.2k","symbolsTime":"4 mins."},"categories":[{"name":"SQL","slug":"SQL","count":16,"path":"api/categories/SQL.json"}],"tags":[{"name":"SQL","slug":"SQL","count":16,"path":"api/tags/SQL.json"}],"author":{"name":"JaimeZeng","slug":"blog-author","avatar":"https://cdn.staticaly.com/gh/JaimeZeng/cdn/main/blog/avatar.png","link":"/","description":"Stay Simple.","socials":{"github":"","twitter":"","stackoverflow":"","wechat":"","qq":"","weibo":"","zhihu":"","csdn":"","juejin":"","customs":{"github":"https://github.com/JaimeZeng"}}}}}