{"title":"SQL 练习 11 - 获取所有员工当前的 manager","uid":"d999d4d857c4990140fca7cdb9ae2222","slug":"2021-04-09-SQL 练习 11 - 获取所有员工当前的 manager","date":"2021-04-09T11:50:56.000Z","updated":"2021-09-09T11:10:00.924Z","comments":true,"path":"api/articles/2021-04-09-SQL 练习 11 - 获取所有员工当前的 manager.json","keywords":null,"cover":null,"content":"<h2 id=\"题目\"><a href=\"#题目\" class=\"headerlink\" title=\"题目\"></a>题目</h2><blockquote><span class=\"custom-blockquote-svg\"><svg width=\"24\" height=\"24\" viewBox=\"0 0 24 24\" fill=\"\" xmlns=\"http://www.w3.org/2000/svg\" data-reactroot=\"\">\n<path fill=\"\" d=\"M22 12C22 6.5 17.5 2 12 2C6.5 2 2 6.5 2 12C2 17.5 6.5 22 12 22C13.8 22 15.5 21.5 17 20.6L22 22L20.7 17C21.5 15.5 22 13.8 22 12Z\" undefined=\"1\"></path>\n<path fill=\"\" d=\"M15.97 11.5H16.04C17.12 11.5 18 12.38 18 13.47V13.53C18 14.62 17.12 15.5 16.03 15.5H15.96C14.88 15.5 14 14.62 14 13.53V13.46C14 12.38 14.88 11.5 15.97 11.5Z\" undefined=\"1\"></path>\n<path fill=\"\" d=\"M7.97 11.5H8.04C9.12 11.5 10 12.38 10 13.47V13.53C10 14.62 9.12 15.5 8.03 15.5H7.97C6.88 15.5 6 14.62 6 13.53V13.46C6 12.38 6.88 11.5 7.97 11.5Z\" undefined=\"1\"></path>\n<path stroke-linejoin=\"round\" stroke-linecap=\"round\" stroke-miterlimit=\"10\" stroke-width=\"2\" stroke=\"\" d=\"M17 8.5C15.23 8.97 14.07 10.84 14.01 13.27C14 13.33 14 13.4 14 13.47V13.5\"></path>\n<path stroke-linejoin=\"round\" stroke-linecap=\"round\" stroke-miterlimit=\"10\" stroke-width=\"2\" stroke=\"\" d=\"M9 8.5C7.23 8.97 6.07 10.84 6.01 13.27C6 13.33 6 13.4 6 13.47V13.5\"></path>\n<path stroke-linejoin=\"round\" stroke-linecap=\"round\" stroke-miterlimit=\"10\" stroke-width=\"2\" stroke=\"\" d=\"M15.97 11.5H16.04C17.12 11.5 18 12.38 18 13.47V13.53C18 14.62 17.12 15.5 16.03 15.5H15.96C14.88 15.5 14 14.62 14 13.53V13.46C14 12.38 14.88 11.5 15.97 11.5Z\"></path>\n<path stroke-linejoin=\"round\" stroke-linecap=\"round\" stroke-miterlimit=\"10\" stroke-width=\"2\" stroke=\"\" d=\"M7.97 11.5H8.04C9.12 11.5 10 12.38 10 13.47V13.53C10 14.62 9.12 15.5 8.03 15.5H7.97C6.88 15.5 6 14.62 6 13.53V13.46C6 12.38 6.88 11.5 7.97 11.5Z\"></path>\n</svg>\n</span><p>题目链接：<a href=\"https://www.nowcoder.com/practice/e50d92b8673a440ebdf3a517b5b37d62\">获取所有员工当前的manager</a></p></blockquote>\n<p>有一个员工表 dept_emp 简况如下：</p>\n<pre class=\"line-numbers language-sql\" data-language=\"sql\"><code class=\"language-sql\">mysql&gt; select * from dept_emp;\n+--------+---------+------------+------------+\n| emp_no | dept_no | from_date  | to_date    |\n+--------+---------+------------+------------+\n|  10001 | d001    | 1986-06-26 | 9999-01-01 |\n|  10002 | d001    | 1996-08-03 | 9999-01-01 |\n|  10003 | d002    | 1995-12-03 | 9999-01-01 |\n+--------+---------+------------+------------+</code></pre>\n\n<p>第一行表示为员工编号为 10001 的部门是 d001 部门。</p>\n<p>有一个部门经理表 dept_manager 简况如下：</p>\n<pre class=\"line-numbers language-sql\" data-language=\"sql\"><code class=\"language-sql\">mysql&gt; select * from dept_manager;\n+---------+--------+------------+------------+\n| dept_no | emp_no | from_date  | to_date    |\n+---------+--------+------------+------------+\n| d001    |  10002 | 1996-08-03 | 9999-01-01 |\n| d002    |  10003 | 1990-08-05 | 9999-01-01 |\n+---------+--------+------------+------------+\n2 rows in set (0.03 sec)</code></pre>\n\n<p>第一行表示为 d001 部门的经理是编号为 10002 的员工。</p>\n<p>建表及插入数据语句如下：</p>\n<pre class=\"line-numbers language-sql\" data-language=\"sql\"><code class=\"language-sql\">CREATE TABLE &#96;dept_emp&#96;\n(\n    &#96;emp_no&#96;    int(11)     NOT NULL,\n    &#96;dept_no&#96;   varchar(16) NOT NULL,\n    &#96;from_date&#96; date        NOT NULL,\n    &#96;to_date&#96;   date        NOT NULL,\n    PRIMARY KEY (&#96;emp_no&#96;)\n);\n\nINSERT INTO &#96;dept_emp&#96;\nVALUES (10001, &#39;d001&#39;, &#39;1986-06-26&#39;, &#39;9999-01-01&#39;);\nINSERT INTO &#96;dept_emp&#96;\nVALUES (10002, &#39;d001&#39;, &#39;1996-08-03&#39;, &#39;9999-01-01&#39;);\nINSERT INTO &#96;dept_emp&#96;\nVALUES (10003, &#39;d002&#39;, &#39;1995-12-03&#39;, &#39;9999-01-01&#39;);\n\nCREATE TABLE &#96;dept_manager&#96;\n(\n    &#96;dept_no&#96;   varchar(16) NOT NULL,\n    &#96;emp_no&#96;    int(11)     NOT NULL,\n    &#96;from_date&#96; date        NOT NULL,\n    &#96;to_date&#96;   date        NOT NULL,\n    PRIMARY KEY (&#96;dept_no&#96;)\n);\n\nINSERT INTO &#96;dept_manager&#96;\nVALUES (&#39;d001&#39;, 10002, &#39;1996-08-03&#39;, &#39;9999-01-01&#39;);\nINSERT INTO &#96;dept_manager&#96;\nVALUES (&#39;d002&#39;, 10003, &#39;1990-08-05&#39;, &#39;9999-01-01&#39;);</code></pre>\n\n<p>获取所有的员工和员工对应的经理，如果员工本身是经理的话则不显示，以上例子如下：</p>\n<pre class=\"line-numbers language-sql\" data-language=\"sql\"><code class=\"language-sql\">+--------+---------+\n| emp_no | manager |\n+--------+---------+\n|  10001 |   10002 |\n+--------+---------+\n1 row in set (0.02 sec)</code></pre>\n\n<h2 id=\"代码\"><a href=\"#代码\" class=\"headerlink\" title=\"代码\"></a>代码</h2><pre class=\"line-numbers language-sql\" data-language=\"sql\"><code class=\"language-sql\">select de.emp_no as emp_no, dm.emp_no as manager\nfrom dept_emp as de\n         inner join dept_manager as dm\n                    on de.dept_no &#x3D; dm.dept_no\nwhere de.to_date &#x3D; &#39;9999-01-01&#39;\n  and dm.to_date &#x3D; &#39;9999-01-01&#39;\n  and de.emp_no &lt;&gt; dm.emp_no;</code></pre>\n\n<p>执行结果：</p>\n<pre class=\"line-numbers language-sql\" data-language=\"sql\"><code class=\"language-sql\">mysql&gt; select de.emp_no as emp_no, dm.emp_no as manager\n    -&gt; from dept_emp as de\n    -&gt;          inner join dept_manager as dm\n    -&gt;                     on de.dept_no &#x3D; dm.dept_no\n    -&gt; where de.to_date &#x3D; &#39;9999-01-01&#39;\n    -&gt;   and dm.to_date &#x3D; &#39;9999-01-01&#39;\n    -&gt;   and de.emp_no &lt;&gt; dm.emp_no;\n+--------+---------+\n| emp_no | manager |\n+--------+---------+\n|  10001 |   10002 |\n+--------+---------+\n1 row in set (0.02 sec)</code></pre>\n","text":"题目 题目链接：获取所有员工当前的manager 有一个员工表 dept_emp 简况如下： mysql&gt; select * from dept_emp; +--------+---------+------------+------------+ | emp_no | d...","link":"","photos":[],"count_time":{"symbolsCount":"2.9k","symbolsTime":"3 mins."},"categories":[{"name":"SQL","slug":"SQL","count":16,"path":"api/categories/SQL.json"}],"tags":[{"name":"SQL","slug":"SQL","count":16,"path":"api/tags/SQL.json"}],"toc":"<ol class=\"toc\"><li class=\"toc-item toc-level-2\"><a class=\"toc-link\" href=\"#%E9%A2%98%E7%9B%AE\"><span class=\"toc-text\">题目</span></a></li><li class=\"toc-item toc-level-2\"><a class=\"toc-link\" href=\"#%E4%BB%A3%E7%A0%81\"><span class=\"toc-text\">代码</span></a></li></ol>","author":{"name":"JaimeZeng","slug":"blog-author","avatar":"https://cdn.staticaly.com/gh/JaimeZeng/cdn/main/blog/avatar.png","link":"/","description":"Stay Simple.","socials":{"github":"","twitter":"","stackoverflow":"","wechat":"","qq":"","weibo":"","zhihu":"","csdn":"","juejin":"","customs":{"github":"https://github.com/JaimeZeng"}}},"mapped":true,"prev_post":{"title":"SQL 练习 12 - 获取所有部门中当前员工薪水最高的相关信息","uid":"f8017dd1008f3562251696136ad1fbad","slug":"2021-04-09-SQL 练习 12 - 获取所有部门中当前员工薪水最高的相关信息","date":"2021-04-09T11:58:08.000Z","updated":"2021-09-09T11:10:00.924Z","comments":true,"path":"api/articles/2021-04-09-SQL 练习 12 - 获取所有部门中当前员工薪水最高的相关信息.json","keywords":null,"cover":null,"text":"题目 题目链接： 获取所有部门中当前员工薪水最高的相关信息 有一个员工表 dept_emp 简况如下： mysql&gt; select * from dept_emp; +--------+---------+------------+------------+ | emp_n...","link":"","photos":[],"count_time":{"symbolsCount":"11k","symbolsTime":"10 mins."},"categories":[{"name":"SQL","slug":"SQL","count":16,"path":"api/categories/SQL.json"}],"tags":[{"name":"SQL","slug":"SQL","count":16,"path":"api/tags/SQL.json"}],"author":{"name":"JaimeZeng","slug":"blog-author","avatar":"https://cdn.staticaly.com/gh/JaimeZeng/cdn/main/blog/avatar.png","link":"/","description":"Stay Simple.","socials":{"github":"","twitter":"","stackoverflow":"","wechat":"","qq":"","weibo":"","zhihu":"","csdn":"","juejin":"","customs":{"github":"https://github.com/JaimeZeng"}}}},"next_post":{"title":"SQL 练习 10 - 获取所有非 manager 的员工 emp_no","uid":"cf79093335f0bbcd8fd2d3201c73b441","slug":"2021-04-09-SQL 练习 10 - 获取所有非 manager 的员工 emp_no","date":"2021-04-09T11:35:56.000Z","updated":"2021-09-09T11:10:00.924Z","comments":true,"path":"api/articles/2021-04-09-SQL 练习 10 - 获取所有非 manager 的员工 emp_no.json","keywords":null,"cover":null,"text":"题目 题目链接： 获取所有非manager的员工emp_no 有一个员工表 employees 简况如下： mysql&gt; select * from employees; +--------+------------+------------+-----------+---...","link":"","photos":[],"count_time":{"symbolsCount":"2.9k","symbolsTime":"3 mins."},"categories":[{"name":"SQL","slug":"SQL","count":16,"path":"api/categories/SQL.json"}],"tags":[{"name":"SQL","slug":"SQL","count":16,"path":"api/tags/SQL.json"}],"author":{"name":"JaimeZeng","slug":"blog-author","avatar":"https://cdn.staticaly.com/gh/JaimeZeng/cdn/main/blog/avatar.png","link":"/","description":"Stay Simple.","socials":{"github":"","twitter":"","stackoverflow":"","wechat":"","qq":"","weibo":"","zhihu":"","csdn":"","juejin":"","customs":{"github":"https://github.com/JaimeZeng"}}}}}