{"title":"SQL 练习 02 - 查找入职员工时间排名倒数第三的员工所有信息","uid":"782353767ea9153a2dcb57bd8d017551","slug":"2021-04-09-SQL 练习 02 - 查找入职员工时间排名倒数第三的员工所有信息","date":"2021-04-09T11:25:30.000Z","updated":"2021-09-02T13:46:03.515Z","comments":true,"path":"api/articles/2021-04-09-SQL 练习 02 - 查找入职员工时间排名倒数第三的员工所有信息.json","keywords":null,"cover":null,"content":"<h2 id=\"题目\"><a href=\"#题目\" class=\"headerlink\" title=\"题目\"></a>题目</h2><blockquote><span class=\"custom-blockquote-svg\"><svg width=\"24\" height=\"24\" viewBox=\"0 0 24 24\" fill=\"\" xmlns=\"http://www.w3.org/2000/svg\" data-reactroot=\"\">\n<path fill=\"\" d=\"M22 12C22 6.5 17.5 2 12 2C6.5 2 2 6.5 2 12C2 17.5 6.5 22 12 22C13.8 22 15.5 21.5 17 20.6L22 22L20.7 17C21.5 15.5 22 13.8 22 12Z\" undefined=\"1\"></path>\n<path fill=\"\" d=\"M15.97 11.5H16.04C17.12 11.5 18 12.38 18 13.47V13.53C18 14.62 17.12 15.5 16.03 15.5H15.96C14.88 15.5 14 14.62 14 13.53V13.46C14 12.38 14.88 11.5 15.97 11.5Z\" undefined=\"1\"></path>\n<path fill=\"\" d=\"M7.97 11.5H8.04C9.12 11.5 10 12.38 10 13.47V13.53C10 14.62 9.12 15.5 8.03 15.5H7.97C6.88 15.5 6 14.62 6 13.53V13.46C6 12.38 6.88 11.5 7.97 11.5Z\" undefined=\"1\"></path>\n<path stroke-linejoin=\"round\" stroke-linecap=\"round\" stroke-miterlimit=\"10\" stroke-width=\"2\" stroke=\"\" d=\"M17 8.5C15.23 8.97 14.07 10.84 14.01 13.27C14 13.33 14 13.4 14 13.47V13.5\"></path>\n<path stroke-linejoin=\"round\" stroke-linecap=\"round\" stroke-miterlimit=\"10\" stroke-width=\"2\" stroke=\"\" d=\"M9 8.5C7.23 8.97 6.07 10.84 6.01 13.27C6 13.33 6 13.4 6 13.47V13.5\"></path>\n<path stroke-linejoin=\"round\" stroke-linecap=\"round\" stroke-miterlimit=\"10\" stroke-width=\"2\" stroke=\"\" d=\"M15.97 11.5H16.04C17.12 11.5 18 12.38 18 13.47V13.53C18 14.62 17.12 15.5 16.03 15.5H15.96C14.88 15.5 14 14.62 14 13.53V13.46C14 12.38 14.88 11.5 15.97 11.5Z\"></path>\n<path stroke-linejoin=\"round\" stroke-linecap=\"round\" stroke-miterlimit=\"10\" stroke-width=\"2\" stroke=\"\" d=\"M7.97 11.5H8.04C9.12 11.5 10 12.38 10 13.47V13.53C10 14.62 9.12 15.5 8.03 15.5H7.97C6.88 15.5 6 14.62 6 13.53V13.46C6 12.38 6.88 11.5 7.97 11.5Z\"></path>\n</svg>\n</span><p>题目链接： <a href=\"https://www.nowcoder.com/practice/ec1ca44c62c14ceb990c3c40def1ec6c\">查找入职员工时间排名倒数第三的员工所有信息-牛客网</a></p></blockquote>\n<p>有一个员工 employees 表简况如下：</p>\n<pre class=\"line-numbers language-sql\" data-language=\"sql\"><code class=\"language-sql\">mysql&gt; select * from employees;\n+--------+------------+------------+-----------+--------+------------+\n| emp_no | birth_date | first_name | last_name | gender | hire_date  |\n+--------+------------+------------+-----------+--------+------------+\n|  10001 | 1953-09-02 | Georgi     | Facello   | M      | 1986-06-26 |\n|  10002 | 1964-06-02 | Bezalel    | Simmel    | F      | 1985-11-21 |\n|  10003 | 1959-12-03 | Parto      | Bamford   | M      | 1986-08-28 |\n|  10004 | 1954-05-01 | Chirstian  | Koblick   | M      | 1986-12-01 |\n+--------+------------+------------+-----------+--------+------------+\n4 rows in set (0.05 sec)</code></pre>\n\n<p>建表及插入数据语句如下：</p>\n<pre class=\"line-numbers language-sql\" data-language=\"sql\"><code class=\"language-sql\">-- ----------------------------\n-- Table structure for employees\n-- ----------------------------\nDROP TABLE IF EXISTS &#96;employees&#96;;\nCREATE TABLE &#96;employees&#96;\n(\n    &#96;emp_no&#96;     int(11)     NOT NULL,\n    &#96;birth_date&#96; date        NOT NULL,\n    &#96;first_name&#96; varchar(14) NOT NULL,\n    &#96;last_name&#96;  varchar(16) NOT NULL,\n    &#96;gender&#96;     char(1)     NOT NULL,\n    &#96;hire_date&#96;  date        NOT NULL,\n    PRIMARY KEY (&#96;emp_no&#96;)\n);\n\n-- ----------------------------\n-- Records of employees\n-- ----------------------------\nINSERT INTO &#96;employees&#96;\nVALUES (10001, &#39;1953-09-02&#39;, &#39;Georgi&#39;, &#39;Facello&#39;, &#39;M&#39;, &#39;1986-06-26&#39;);\nINSERT INTO &#96;employees&#96;\nVALUES (10002, &#39;1964-06-02&#39;, &#39;Bezalel&#39;, &#39;Simmel&#39;, &#39;F&#39;, &#39;1985-11-21&#39;);\nINSERT INTO &#96;employees&#96;\nVALUES (10003, &#39;1959-12-03&#39;, &#39;Parto&#39;, &#39;Bamford&#39;, &#39;M&#39;, &#39;1986-08-28&#39;);\nINSERT INTO &#96;employees&#96;\nVALUES (10004, &#39;1954-05-01&#39;, &#39;Chirstian&#39;, &#39;Koblick&#39;, &#39;M&#39;, &#39;1986-12-01&#39;);</code></pre>\n\n<p>请你查找 employees 里入职员工时间排名倒数第三的员工所有信息，以上例子输出如下：</p>\n<pre class=\"line-numbers language-sql\" data-language=\"sql\"><code class=\"language-sql\">+--------+------------+------------+-----------+--------+------------+\n| emp_no | birth_date | first_name | last_name | gender | hire_date  |\n+--------+------------+------------+-----------+--------+------------+\n|  10001 | 1953-09-02 | Georgi     | Facello   | M      | 1986-06-26 |\n+--------+------------+------------+-----------+--------+------------+\n2 rows in set (0.04 sec)</code></pre>\n\n<h2 id=\"代码\"><a href=\"#代码\" class=\"headerlink\" title=\"代码\"></a>代码</h2><p>方法一：</p>\n<pre class=\"line-numbers language-sql\" data-language=\"sql\"><code class=\"language-sql\">select *\nfrom employees\nwhere hire_date &#x3D; (select distinct hire_date from employees order by hire_date desc limit 2,1);</code></pre>\n\n<p>方法二：</p>\n<pre class=\"line-numbers language-sql\" data-language=\"sql\"><code class=\"language-sql\">select *\nfrom employees\norder by hire_date desc\nlimit 2,1;</code></pre>\n\n<p><strong>入职员工时间排名倒数第三的当天未必就一个人</strong>。 如果 employees 里存在多条 hire_date 为 1986-06-26 的，那么第二种就会出错。</p>\n<pre class=\"line-numbers language-sql\" data-language=\"sql\"><code class=\"language-sql\">mysql&gt; INSERT INTO &#96;employees&#96;\n    -&gt; VALUES (10007, &#39;1985-09-05&#39;, &#39;Brody&#39;, &#39;Berge&#39;, &#39;M&#39;, &#39;1986-06-26&#39;);\nQuery OK, 1 row affected (0.04 sec)\n\nmysql&gt; select *\n    -&gt; from employees\n    -&gt; order by hire_date desc;\n+--------+------------+------------+-----------+--------+------------+\n| emp_no | birth_date | first_name | last_name | gender | hire_date  |\n+--------+------------+------------+-----------+--------+------------+\n|  10004 | 1954-05-01 | Chirstian  | Koblick   | M      | 1986-12-01 |\n|  10005 | 1999-09-09 | Jaime      | Zeng      | M      | 1986-12-01 |\n|  10003 | 1959-12-03 | Parto      | Bamford   | M      | 1986-08-28 |\n|  10001 | 1953-09-02 | Georgi     | Facello   | M      | 1986-06-26 |\n|  10007 | 1985-09-05 | Brody      | Berge     | M      | 1986-06-26 |\n|  10002 | 1964-06-02 | Bezalel    | Simmel    | F      | 1985-11-21 |\n+--------+------------+------------+-----------+--------+------------+\n6 rows in set (0.07 sec)\n\nmysql&gt; select *\n    -&gt; from employees\n    -&gt; where hire_date &#x3D; (select distinct hire_date from employees order by hire_date desc limit 2,1);\n+--------+------------+------------+-----------+--------+------------+\n| emp_no | birth_date | first_name | last_name | gender | hire_date  |\n+--------+------------+------------+-----------+--------+------------+\n|  10001 | 1953-09-02 | Georgi     | Facello   | M      | 1986-06-26 |\n|  10007 | 1985-09-05 | Brody      | Berge     | M      | 1986-06-26 |\n+--------+------------+------------+-----------+--------+------------+\n2 rows in set (0.04 sec)\n\nmysql&gt; select *\n    -&gt; from employees\n    -&gt; order by hire_date desc\n    -&gt; limit 2,1;\n+--------+------------+------------+-----------+--------+------------+\n| emp_no | birth_date | first_name | last_name | gender | hire_date  |\n+--------+------------+------------+-----------+--------+------------+\n|  10003 | 1959-12-03 | Parto      | Bamford   | M      | 1986-08-28 |\n+--------+------------+------------+-----------+--------+------------+\n1 row in set (0.04 sec)</code></pre>\n","text":"题目 题目链接： 查找入职员工时间排名倒数第三的员工所有信息-牛客网 有一个员工 employees 表简况如下： mysql&gt; select * from employees; +--------+------------+------------+-----------...","link":"","photos":[],"count_time":{"symbolsCount":"4.7k","symbolsTime":"4 mins."},"categories":[{"name":"SQL","slug":"SQL","count":16,"path":"api/categories/SQL.json"}],"tags":[{"name":"SQL","slug":"SQL","count":16,"path":"api/tags/SQL.json"}],"toc":"<ol class=\"toc\"><li class=\"toc-item toc-level-2\"><a class=\"toc-link\" href=\"#%E9%A2%98%E7%9B%AE\"><span class=\"toc-text\">题目</span></a></li><li class=\"toc-item toc-level-2\"><a class=\"toc-link\" href=\"#%E4%BB%A3%E7%A0%81\"><span class=\"toc-text\">代码</span></a></li></ol>","author":{"name":"JaimeZeng","slug":"blog-author","avatar":"https://cdn.staticaly.com/gh/JaimeZeng/cdn/main/blog/avatar.png","link":"/","description":"Stay Simple.","socials":{"github":"","twitter":"","stackoverflow":"","wechat":"","qq":"","weibo":"","zhihu":"","csdn":"","juejin":"","customs":{"github":"https://github.com/JaimeZeng"}}},"mapped":true,"prev_post":{"title":"SQL 练习 03 - 查找各个部门当前领导当前薪水详情以及其对应部门编号 dept_no","uid":"1234b829e2afd6ef04e79f63a2f8696c","slug":"2021-04-09-SQL 练习 03 - 查找各个部门当前领导当前薪水详情以及其对应部门编号 dept_no","date":"2021-04-09T11:25:56.000Z","updated":"2021-09-02T13:46:03.515Z","comments":true,"path":"api/articles/2021-04-09-SQL 练习 03 - 查找各个部门当前领导当前薪水详情以及其对应部门编号 dept_no.json","keywords":null,"cover":null,"text":"题目 题目链接： 查找各个部门当前领导当前薪水详情以及其对应部门编号dept_no-牛客网 有一个全部员工的薪水表 salaries 简况如下： mysql&gt; select * from salaries; +--------+--------+------------+-...","link":"","photos":[],"count_time":{"symbolsCount":"3.4k","symbolsTime":"3 mins."},"categories":[{"name":"SQL","slug":"SQL","count":16,"path":"api/categories/SQL.json"}],"tags":[{"name":"SQL","slug":"SQL","count":16,"path":"api/tags/SQL.json"}],"author":{"name":"JaimeZeng","slug":"blog-author","avatar":"https://cdn.staticaly.com/gh/JaimeZeng/cdn/main/blog/avatar.png","link":"/","description":"Stay Simple.","socials":{"github":"","twitter":"","stackoverflow":"","wechat":"","qq":"","weibo":"","zhihu":"","csdn":"","juejin":"","customs":{"github":"https://github.com/JaimeZeng"}}}},"next_post":{"title":"SQL 练习 01 - 查找最晚入职员工的所有信息","uid":"d0da3fc8ea123c08e8ebcabf8f0785a9","slug":"2021-04-09-SQL 练习 01 - 查找最晚入职员工的所有信息","date":"2021-04-09T11:25:04.000Z","updated":"2021-09-02T13:46:03.515Z","comments":true,"path":"api/articles/2021-04-09-SQL 练习 01 - 查找最晚入职员工的所有信息.json","keywords":null,"cover":null,"text":"题目 题目链接： 查找最晚入职员工的所有信息-牛客网 有一个员工 employees 表简况如下： mysql&gt; select * from employees; +--------+------------+------------+-----------+-------...","link":"","photos":[],"count_time":{"symbolsCount":"3.8k","symbolsTime":"3 mins."},"categories":[{"name":"SQL","slug":"SQL","count":16,"path":"api/categories/SQL.json"}],"tags":[{"name":"SQL","slug":"SQL","count":16,"path":"api/tags/SQL.json"}],"author":{"name":"JaimeZeng","slug":"blog-author","avatar":"https://cdn.staticaly.com/gh/JaimeZeng/cdn/main/blog/avatar.png","link":"/","description":"Stay Simple.","socials":{"github":"","twitter":"","stackoverflow":"","wechat":"","qq":"","weibo":"","zhihu":"","csdn":"","juejin":"","customs":{"github":"https://github.com/JaimeZeng"}}}}}